Author,Rating
Samapti Sinha Mahapatra,4.6 out of 5 stars
Akshay Kumar,4.4 out of 5 stars
Kriti Sharma,4.6 out of 5 stars
N/A,4.4 out of 5 stars
R.K. Gupta,4.5 out of 5 stars
एम लक्ष्मीकांत,4.4 out of 5 stars
PR Yadav,4.4 out of 5 stars
Lori Gottlieb,4.6 out of 5 stars
ALLEN Expert Faculties,4.2 out of 5 stars
Wonder House Books,4.7 out of 5 stars
Rajesh Verma,4.3 out of 5 stars
N/A,4.3 out of 5 stars
N/A,4.7 out of 5 stars
Timothy Ferriss,4.5 out of 5 stars
N/A,4.7 out of 5 stars
Graduate Management Admission Council,4.3 out of 5 stars
Amulya Dhal,4.4 out of 5 stars
ALLEN Expert Faculties,4.2 out of 5 stars
TARGET PUBLICATIONS,4.3 out of 5 stars
EduGorilla Prep Experts,4.2 out of 5 stars
EduGorilla Prep Experts,4.0 out of 5 stars
Ishinna B. Sadana,4.7 out of 5 stars
ALLEN Expert Faculties,4.1 out of 5 stars
Richard Hamming,4.6 out of 5 stars
EduGorilla PREP EXPERT,4.0 out of 5 stars
Oswaal Editorial Board,4.9 out of 5 stars
Aman Kharwal,4.5 out of 5 stars
Rohit Vaidwan,4.2 out of 5 stars
N/A,4.5 out of 5 stars
N/A,4.4 out of 5 stars
ALLEN Expert Faculties,4.0 out of 5 stars
Chandrachur Ghose,4.7 out of 5 stars
N/A,4.5 out of 5 stars
EduGorilla Prep Experts,4.4 out of 5 stars
Gyaniversity Publications,4.4 out of 5 stars
N/A,4.0 out of 5 stars
Arihant Experts,4.1 out of 5 stars
RPH Editorial Board,4.0 out of 5 stars
N/A,4.5 out of 5 stars
Wonder House Books,4.6 out of 5 stars
N/A,N/A
EduGorilla Prep Experts,4.4 out of 5 stars
Blueprint Editorial Board,4.7 out of 5 stars
Sönke Ahrens,4.3 out of 5 stars
RPH Editorial Board,N/A
N/A,4.8 out of 5 stars
ALLEN Expert Faculties,5.0 out of 5 stars
EduGorilla Prep Experts,4.0 out of 5 stars
Harpreet Kaur,4.3 out of 5 stars
Leila Seth,4.5 out of 5 stars
